slug,video_id,title_published,published,channel,views,retained_pct,avg_view_pct,watch_sec,duration_sec,likes,comments,shares,orders,link_clicks,retention_head,hook_seed,rehook,hook_q,title_form,hook_cuts,hook_first_sec,hook_delta,chips,note
window-screen,GuwyDLZCaXk,"""진작 살걸.."" 창틀에 딱 하나만 붙이면 모기 탈출입니다🦟 #꿀템 #살림템 #자취템 #쿠팡꿀템",2026-08-04,스팩먼저,2008,27.6,121.9,31,25.31,3,1,5,,,182.6,1,①,-,후킹형,2,1.40,32.1,5,루프 성공. 좋아요·공유 0
rotating-bookshelf,yDJTL-Ak9SU,좁은 방 필수템! 꺾이고 늘어나는 L자 책장으로 틈새 수납 끝내기 #꿀템 #살림템 #자취템 #쿠팡꿀템,2026-08-04,스팩먼저,1763,28.84,49.6,17,37.90,3,1,2,,,108.4,,,-,후킹형,1,2.50,16.2,5,B포맷 상한 27초를 11초 초과
wall-tile-sheet,H-oveWcoCJk,"싱크대 찌든때, 아직도 힘들게 닦으세요? #꿀템 #살림템 #자취템 #쿠팡꿀템",2026-08-05,스팩먼저,563,12.4,80.0,16,25.56,2,1,1,,,106.2,1,④,-,후킹형,1,2.30,2.3,5,훅 시드가 직전 편과 연속 중복
wall-shelf,YUMQk2LesJs,전세집? 드릴 꺼내지도 마세요! #꿀템 #살림템 #자취템 #쿠팡꿀템,2026-08-07,스팩먼저,1844,19.11,67.6,14,21.45,3,1,1,,,126.7,6+1,,-,후킹형,3,0.44,2.0,3,발행 1일차. 애널리틱스 집계 미부착 — 재실행 필요. 서사형(스펙 레일 철회)
kallax-shelf,TRQMsNTo2Fw,티비장 사지 마세요 #꿀템 #살림템 #자취템 #쿠팡꿀템  #이케아칼락스 #자취방꿀템 #원룸인테리어,2026-08-08,스팩먼저,1834,29.11,155.8,32,20.80,3,1,0,,,214.0,5,⑥,-,후킹형,3,0.50,13.7,3,시각반전 훅(0초 완성 TV장→비포 점프컷). 벽고정 비트 대본에서 제외·킷으로 이동. 훅 자막 t_in 0.0 강제 | 제목 금지명령형+해시태그3(스킬 규칙 0개를 사용자 지시로 해제)
microwave-rack-new,86lh40Y8_b4,엄마가 보자마자 하나 더 사라고 난리 난 주방템 #인테리어 #꿀템 #살림템 #자취템,2026-08-12,템캐스팅,2304,23.57,79.3,18,22.27,3,3,0,,,137.7,4,③,-,후킹형,4,0.53,6.0,3,"레퍼런스 9개 전 소스 사용(틱톡5는 사용자 직접 다운로드 — yt-dlp 추출기 파손). 나레이션 Typecast 채널보이스 + 하우스 체인(1.45배속·고역+4dB·압축4:1). 사용자 제공 mp3 판(24.19초, out/microwave-rack)도 있으나 고역 10.2%로 레퍼런스(15.2%)에 못 미쳐 이 판을 발행. 훅 시드 4(수치 선공개) 첫 사용 — 시장 관측 0개. 제목형 숫자명사 첫 표본. 썸네일 모순형('주방 선반인데 / 70kg 버팁니다'). 훅 0~2.4초 컷 3개. 🔴 자막 싱크 4회 재작업 — build_timeline의 ffprobe→ffmpeg 경로 치환 대소문자 버그(스냅이 한 번도 안 돌았음) + 자막 등장 애니메이션 0.17초 지연 + 전환마다 빈 프레임 1장. 전부 수정, 668프레임 전수 감사 통과"
shoe-cabinet,xwEwWi0eOm0,신발장인 줄 진짜 몰랐던 신발장 #꿀템 #살림템 #생활꿀템 #신발장  #자취템추천,2026-08-13,템캐스팅,1284,48.14,142.8,31,20.97,4,1,2,,,238.1,1,-,-,후킹형,1,2.60,30.5,2,"🔴 사용자가 나레이션 전문을 직접 작성(절대규칙 1). 훅이 시드 7→1(제3자 알리바이)로 바뀜 — window-screen(122.5%) 승자 시드 재사용. 재훅 없음(대본에 반전 문형 없음). 칩 3개→2개(대본이 10cm를 말하지 않게 돼 화면에서도 뺌). 🔴 사용자 지시로 중국어 소품 제외 — r01(현관문 부적) 통째 제외, r04는 0~8.7초(상판 스티커 전), r07은 3.2~12.8초(양 끝 미키 액자)만 사용. 소스 8개 중 4개만 살아남음. 🔴 상품도 교체(초슬림17cm 9247661818 → 씨크펀 틈새신발장 9432445437). 제목·썸네일 사용자 지정 (제목 14자로 12자 규칙 벗어남). 컷 14개 전부 명도/채도 델타 + 좌우반전 2컷. 629프레임 전수 감사 통과 (검은프레임 0/검은테두리 0)."
kitchen-cart,JnJBKvjxxug,주방이 좁은 게 아닙니다 #틈새선반 #원룸수납 #생활꿀템 #꿀템 #살림템 #자취템 #쿠팡꿀템,2026-08-11,템캐스팅,1874,33.47,144.9,36,24.46,12,1,7,,,201.5,3,,-,후킹형,2,1.27,53.0,4,🔴 발행됐으나 대장에 행이 없었다 — 2026-08-13 채널 감사에서 발견. video_id·발행일·지표 전부 미기록이라 S8 판정에서 통째로 빠져 있었다.
tv-swing-mount,nzyF3i45v24,밥 먹을 때마다 TV 각도 조절하느라 힘들었다면 필수 시청 #꿀템 #살림템 #자취템 #벽걸이티비브라켓 #인테리어 #쿠팡꿀템,2026-08-09,템캐스팅,1275,60.38,79.1,25,31.60,3,1,1,,,126.0,1,,-,후킹형,2,1.57,28.8,4,🔴 발행됐으나 대장에 행이 없었다 — 2026-08-13 채널 감사에서 발견. 31.6초로 B포맷 상한(24초)을 7.6초 초과한 유일한 편이다.
appliance-roller,e3_Ypg9qtbM,진작 살걸.. 세탁기 뒤 청소 고민 싹 해결해 주는 인생 살림템 #살림템 #자취템 #세탁기받침대 #생활꿀팁 #청소꿀팁,2026-08-14,템캐스팅,1729,35.74,86.4,19,21.93,4,1,2,,,139.4,2,①,,숫자명사,2,0.93,24.7,,"🔴 사용자가 나레이션 전문을 직접 작성(1인칭 실사용자 서사, 절대규칙 1). 마지막 문장 '왜냐면'을 훅으로 되돌리는 완전 루프 장치로 사용 — 채널 첫 시도. BGM 없음(사용자 지시). 칩 3개(45→70cm·500kg·브레이크)로 축소, 높이 4cm·바퀴 24개는 미채택. 소스는 rednote 4편(r07·r08·r10·r11)뿐 — 틱톡 3편은 워터마크가 프레임 중앙이라, r12는 자막 밴드가 세로 63~74%라 크롭 불가로 전량 배제. 🔴 컷 시트를 세 번 다시 잡았다: 키프레임 콘택트시트 타임스탬프를 믿고 자른 1차본이 14컷 중 6컷 오조준(칩 증거 화면 전부 어긋남), 2차본에서 훅 컷이 직전 씬 꼬리를 물어 0.1초 간격 프레임차로 경계 재측정."
no-drill-curtain,,,,,,19.0,,,,,,,,,,,,,후킹형,,,,,🔴 원장 누락분. 2026-08-11 28일 캡처의 「전세집? 드릴 꺼내지도 마세요!」로 추정 — video_id·발행일·조회수 확인 필요. 고정군
unknown-tv-stand,,,,템캐스팅,,60.3,,,,,,,,,,,,,사물주어형,,,,,🔴 slug 미상. 2026-08-11 28일 캡처 「TV가 걸어옵니다」 — 채널 최고 리텐션이며 원장에 행이 없다. video_id·발행일·조회수를 스튜디오에서 채울 것. 가동군 | 조회수 역산 추정 550~1000회 (channel_direction_2026-08.md 2-1)
billy-desk,w_HRQqKNtEY,공간 부족 해결! 32cm 책장이 1m 책상으로 변하는 이케아 꿀템 #이케아빌리 #책장책상 #살림템 #자취템 #인테리어꿀팁,2026-08-16,템캐스팅,1552,37.28,75.5,16,21.96,5,1,0,,,129.1,,,,숫자명사,2,1.33,22.3,0,"이케아 BILLY 빌리 수납장 겸 테이블. VSR로 자막·워터마크 제거, ♪ 로고는 컷별 크롭. 발행 제목이 킷(32.5cm 책장)과 다르다 — 실제는 후킹형+숫자."
sofa-gap-table,BlubXpdNEog,소파를 벽에 붙이면 안 되는 이유 #꿀템 #살림템 #생활꿀템 #협탁 #소파틈새테이블 #원룸인테리어,2026-08-17,템캐스팅,1505,40.08,150.0,28,18.67,1,1,0,,,201.6,1,①,,숫자명사,3,0.90,45.4,3,"나레이션 6차본 — 앞 5개 본이 SCRIPT_FORMULA 0단계(B 스펙레일 표)를 대본 출발점으로 삼아 칩 4개→비트 4개 스펙 명세서가 됐고 사용자가 반려. 2026-08-07 판정대로 제3자 알리바이 6단 서사로 되돌림(칩 4→3). 사용자 지정 벤치마킹 보고서 2종(도파민 정보성 ~임체)을 3~5차본에 반영했다가 「원래 내 껄로」 지시로 채널 마스터 톤 복귀. 🔴 훅 시드 1이 직전 편 shoe-cabinet과 연속 중복 — 골격 규칙과 연속회피 규칙 충돌, 골격을 택함. 🔴 소재 제약: 우리 제품은 콘센트 없는 민짜 슬림 콘솔인데 소스 8편 중 6편이 콘센트 내장형. s03(높이조절 오버행형) 전량 배제, s05는 0.6초부터 상판 콘센트가 들어와 1차 컷 후 배제. 실사용 소스는 s07(자막·워터마크 0)·s01(중국어 밴드 크롭)·s04(16초 이후) 3개. 컷 5만 검정 콘솔(실물컷 일치), 나머지는 우드 상판(색상 변형). 나레이션 실측 241자/18.4초 = 13.1자/초. 🔴 자막을 나레이션 요약으로 썼다가 말과 어긋나 전면 교체 — 자막 전 줄은 나레이션 원문의 연속 부분문자열이어야 한다. 테이블 다리 컷 2개(조절 발 시연·다리 기둥)는 사용자 지시로 제외. 색상 차이는 판정 기준이 아니다(SKILL.md 반영)."
faucet-shelf,C5LrXj8AnmU,세면대에 물건 두지 마세요  #자취템 #생활꿀템 #살림템,2026-08-18,템캐스팅,1756,30.38,0,0,19.57,1,1,0,,,,금지 명령,조언+효용,,후킹형+해시태그3,3,0.67,10.3,0,"레퍼런스 10개 중 9개 확보(r05 틱톡 403 vm:2 미확보). 실사용 3개 — rednote 2편(r09·r10, 워터마크 0)이 9컷, 틱톡 r01이 1컷(워터마크는 y<700 크롭으로 제외). SCRIPT_FORMULA 2026-08-18 전면개정판 첫 적용 — 4비트(후킹·해결책·시연·엔딩), 비트4 없음, 훅 2문장(즉시확인명령+반복경고). 🔴 내하중 수치가 상세페이지에 없어 하중·처짐 문구를 아예 만들지 않았다 — 비트3 반박처리를 '무거우면 처지나?'가 아니라 '우리 집 수전에 맞나?'(U자 홈)로 잡았다. 🔴 훅 0.0초가 제품이 아니라 문제(난장판 세면대)다. QC 첫프레임게이트 1번과 충돌하지만 SCRIPT_FORMULA 4-2(마스터 12편 중 11편이 문제를 찍는다)를 택했다. 칩 2개를 같은 문장에 두면 build_timeline이 '칩 순서 역전'으로 죽는다 — 무타공 칩을 at_line 3으로 옮겼다. 나레이션 215자/15.48초 = 14.1자/초(Yongsik, 1.45배속). 464프레임 전수 감사 통과(검은프레임 0·검은테두리 0). 🔴 1차 렌더는 motion을 전부 null로 넘겨 Shot.tsx의 `shot.motion ?? ""in""` 때문에 11컷이 같은 줌인이었다(직전 sofa-gap-table도 같은 상태). 사용자 지시로 컷마다 다르게 재배정해 재렌더 — in3·out2·none2·left2·down1·up1. 좌우반전은 CUT_CRAFT 2장 전수 검사 후 글자가 안 읽히는 컷1·컷9만. 컷마다 채도+명도를 따로 줘 프레임당 편집 기술 5~6겹. 🔴 2차본 — 템캐스팅 v3.3 첫 적용편으로 전면 재작성·재렌더(21.21초/16컷). 5블록(훅=금지명령·손실=금전(세면대 교체)·제품기능·클로징=조언+효용), 정보원은 사건 창작 금지라 미사용하고 ②를 인물 없는 내 상황으로 구성. 실격 13개 전수 통과(7.59음절/초·선행 8.67초·161음절·자막 13장·음성=자막 13/13). 🔴 스펙 칩 3개 폐지 — 음성=자막이라 우측 레일이 없다. 스펙은 설명란·고정댓글로. 🔴 trim.sh SPEED 1.45→1.2(사용자 지시, 7.92음절/초) — 하우스 상수는 9.3음절/초라 v3.3 실격. 🔴 훅 '화장품'→'세면용품' 사용자 정정(욕실엔 세면용품을 올린다). 🔴 컷 s11 교체 — 중국어 인쇄 로레알 튜브 노출. 3차 수정 — 배속 1.2, 자막 강조 11/13줄(형광옐로우), 컷14를 0.68배 슬로모션 클린 컷으로 교체(중국어 치약 반려). 🔴 컷15·16 배경에 같은 치약이 작게 남아 있다. 4차 — 자막 전 장 한 줄 강제(사용자 지적). 훅이 16음절이라 88px에서 두 줄로 감겨 '세면용품 여기 두지 마세요'(11음절)로 교체. 한 줄 상한 실측: 훅 88px=11음절, 본문 78px=13음절."
magnetic-blind,VsS0hs5FKKo,,2026-08-19,템캐스팅,,33.79,,,20.82,,,,,,,안도 감탄,결과 상태(수미상관 루프),,숫자명사,3,0.73,13.3,0,"자석식 알루미늄 내장유리 이중 개폐식블라인드(쿠팡 9438605803, 165,000원). v3.3 5블록 — 훅=안도 감탄(직전 2편 금지명령·제3자알리바이 회피), 손실=시간(블라인드 날개 청소), 정보원 미사용(사건 창작 금지), 클로징=조언+효용. 🔴 최종본 — 1차본이 'AI 티가 난다'는 반려를 받아 다섯 번 다듬었다: ① 종결어미가 전부 ~습니다/~더라고요로 균일하던 것을 문장마다 다르게(10문장 10가지) ② 「커튼은 A하고 / 블라인드는 B하고」 대구를 깨고 시간 흐름으로 ③ 「날개가 유리 안에 들어간 창」 같은 긴 명사구 수식을 구어 접속사로 풀어씀 ④ 「커튼 퀴퀴한 냄새」는 사실이 아니라(빨아 말리면 안 난다) 손실 축을 「떼고 다는 수고」로 교체 ⑤ 단점(창틀 치수·맞춤제작)을 대본에서 제외 — 설명란·캡션·고정댓글에는 유지 ⑥ 클로징 「창 청소 걱정」이 청소용품처럼 읽혀 커튼 서사로 되돌림(훅 '커튼 떼고'와 수미상관 → 루프) ⑦ 「바깥에서 자석만」은 집 밖에서 조작하는 것으로 읽혀 「창문에 붙은 자석을」로 교체. 자막 강조 14/16줄(형광 옐로우) 추가. 자막 위치 y1140→1040(화면 59%→54%, layout.ts 전역 상수라 다음 편부터 같이 적용). 실측 20.82초/163음절/7.94음절초/선행 9.45초. 실격 13개 전수 통과. 625프레임 전수 감사 통과(검은프레임 0·검은테두리 0). 🔴 대본을 5회 고치는 동안 컷은 한 번도 다시 안 잘랐다 — 소스 구간에 0.3초 여유를 두는 규칙 덕분이다. 🔴 소스: 링크 18개 중 6개만 확보(12개는 틱톡 CDN vm:2 403). r05는 방충망이라 REJECT, 실사용 4개(r02·r08·r18·r10). 🔴 워터마크가 0~4초 좌측 / 6초 이후 우측 고정이라 6초 이후만 쓰고 좌측 크롭 하나로 워터마크·중국어자막·데코스티커를 한꺼번에 제거했다 (r02는 워터마크 자체가 없음). 인페인팅·블러 0. 🔴 s10·s13·s14가 샷 경계를 물어 재컷(히스토그램 경계 검출로 r08 15.27/18.87/22.03초 + 28.2초 디졸브 확인). 🔴 썸네일 판 교체 — s10(슬랫 열림)은 창살로 읽혀 s13(백엽 완전히 내림)으로 바꿨다. 🔴 상품 리스크: 미닫이 창 설치 불가·전동드릴 타공 필요·맞춤제작 반품불가(반품비 83,000원)·상품평 0개·구매대행 해외직배송. 채널 최고가."
vanity-console,,,,템캐스팅,,,,,22.93,,,,,,,대사 인용,타인 감탄 + 조언,,숫자명사,3,,,0,"입식LED조명화장대세트 수납확장형콘솔(쿠팡 8672689549). v3.3 5블록 — 훅=대사 인용(직전 2편 금지명령·안도감탄 회피, 표본 최고성과 1,254만 유형), 손실=시간(몇 년째 침대에 걸터앉아 화장), 정보원 미사용(사건 창작 금지), 클로징=타인 감탄+조언. 실측 22.93초/177음절/7.72음절초/선행 11.62초. 688프레임 전수 감사 통과(검은프레임 0·검은테두리 0). 🔴 상판 슬라이딩은 우리 상품 기능이 아니다 — 레퍼런스 6편이 전부 桌面可伸缩移动을 시연하지만 쿠팡 조립 안내도상 화장대와 서랍장은 각각 다리를 끼우는 별개 가구다. 유리 서랍(可视化玻璃抽屉)도 없다. 두 기능 시연 구간(r04 2.7~4.0 · r07 1.9~3.1 · r07 4.0~5.2)을 shotsheet._금지구간에 박고 컷마다 자동 검사. s17이 유리서랍을 0.1초 물어 교체했다. 🔴 상단 자막 밴드를 5%로 오독해 크롭이 얕았다 — 실측 18~24%였다. 24% 크롭(720x973+0+307)으로 재작업. r03은 빨간 囍 장식이 27~33%라 크롭 밖이어서 통째로 드롭. 🔴 trim.sh SPEED 1.2는 8.06음절/초로 v3.3 상한 초과 → 1.15(7.72음절/초). 🔴 build_timeline 자막 대조 버그 수정 — 원문에서만 문장부호를 떼고 자막 줄에서는 안 떼서 쉼표·물음표가 든 자막이 전부 '원문에 없는 자막'으로 죽었다. 스킬 원본·저장소 사본 모두 수정. 자막 숨자리 스냅 0개 — trim.sh GAPCUT이 문장 내부 무음을 0.03초로 깎아 검출 대상이 없다(비례 배분 폴백). 🔴 사용자 대본 3차 수정: 1차 '거울에 조명이 들어 있어서/따로 스탠드도 안 삽니다' 제품무관 판정으로 삭제, '화장품이 거실 식탁에' → '안방이 좁아서 화장대를 못 놨다'로 문제 주어 교체, 제품 진입이 뜬금없다는 지적에 '그러다 우연히 이걸 봤는데' 다리 추가 + 깊이·서랍장·협탁·머리맡 4단어 전면 교체. 자막 위치 중앙 살짝 아래(MarginV 700). 소스 13개 중 8개 확보(틱톡 5개 vm:2 403), 실사용 3개 — r01 14컷·r04 5컷·r07 2컷. 🔴 상품 리스크: 배송비 35,000원 별도 · 반품비 140,000원 · 최저구성 307,800원(옵션 최고 464,400원) · 병행수입 · 상판이 늘어난다는 오해 소지."
upper-cabinet-lift,,,,템캐스팅,,,,,21.97,,,,,,,감정 선언,결심,,후킹형,1,1.90,44.5,0,"상부장 전동 리프팅 바스켓(쿠팡 9093992629, 586,200원 — 채널 최고가). v3.3 5블록, 훅=감정 선언, 정보원=처남, 클로징=결심. 사용자 벤치마크 대본의 구조만 차용. 실측 21.98초/167음절/7.60음절초/선행 10.29초. 🔴 사전등록 실험 — 훅을 2컷(0.93s+0.96s 정물)에서 1컷(1.90s, 선반이 위로 사라짐)으로 교체했다. 발행 14편 실측에서 첫 컷 길이 ↔ 계속 시청함 r=+0.82였고, 훅 점프컷 허용 방침은 시트지 편(12.4%)의 오진이었다(그 편의 문제는 컷 수가 아니라 첫 0.5초 정지, 변화량 2.6). 신규 훅 첫컷 1.90s·변화 43.9로 채널 1위 TV각도(1.57s/31.2)를 둘 다 상회. 예측: 계속 시청함 44% 이상(현행 채널 중앙값 32.2%). 40% 미만이면 첫 컷 길이 가설을 의심한다. 본편 20초는 이전 판과 픽셀 단위 동일 — 훅만의 효과를 격리한 실험이다."
